{
    "camera_matrix": [
        [1577.7006718096827, 0.0, 877.8248806056063],
        [0.0, 1587.897695388176, 882.3225692148586],
        [0.0, 0.0, 1.0]
    ],
    "dist_coeff": [
        [-0.35980649271054754, 3.23496351805273, -0.0231877642408183,
            0.0024218273460268973, -9.908204409210567
        ]
    ]
}